"","category","mean","sd"
"1","Performance Expectancy",4.0462962962963,0.0260172373701387
"2","Effort Expectancy",3.87962962962963,0.079989478885693
"3","Attitude toward using technology",3.84027777777778,0.0393123572759761
"4","Social influence",3.79166666666667,0.0205142143175035
"5","Facilitating Conditions",3.77546296296296,0.052033994227155
"6","Self-Efficacy",3.7283950617284,0.0937174345013724
"7","Anxiety",3.64351851851852,0.0312428694854595
